<?xml version="1.0" encoding="UTF-8"?>
<ProjectPreferences Version="1.0">
    <UseProjectPreferences>Yes</UseProjectPreferences>
    <TextFormatRTFData><![CDATA[{\rtf1\ansi\ansicpg1252\cocoartf2513
\cocoatextscaling0\cocoaplatform0{\fonttbl\f0\fswiss\fcharset0 Helvetica;}
{\colortbl;\red255\green255\blue255;}
{\*\expandedcolortbl;;}
\pard\tx360\tx720\tx1080\tx1440\tx1800\tx2160\tx2880\tx3600\tx4320\sl264\slmult1\pardirnatural\partightenfactor0

\f0\fs24 \cf0 Attributes}]]></TextFormatRTFData>
    <UseCustomFootnotesFont>No</UseCustomFootnotesFont>
    <FootnotesFont Size="10.0">TimesNewRomanPSMT</FootnotesFont>
    <FootnoteMarker UseMarker="No">*</FootnoteMarker>
</ProjectPreferences>