<?xml version="1.0" encoding="UTF-8"?>
<UIStates>
    <Binder Show="Yes">
        <ShowCollections>No</ShowCollections>
        <SelectedCollection>0</SelectedCollection>
        <SubdocumentCounts>No</SubdocumentCounts>
        <ExpandedItems>
            <ItemID>D53D81C0-63DD-4455-BDAF-35452C1770EF</ItemID>
            <ItemID>21401E92-F3DB-456C-8523-9AC908D62FB4</ItemID>
            <ItemID>BBB814C4-DA64-435A-A78C-0D78F4E4E04F</ItemID>
            <ItemID>465C2F0C-EA12-4772-8EDE-ABDEB39D0BF1</ItemID>
            <ItemID>FD4119EA-F0D8-4EE5-8C56-2532BF1D2170</ItemID>
        </ExpandedItems>
        <Selection>
            <ItemID>8B71BA17-1B30-4AF0-BFC5-EEF387EDFDF7</ItemID>
        </Selection>
        <SearchResultsSort Titles="Ascending" Dates="Ascending">None</SearchResultsSort>
    </Binder>
    <Inspector Show="Yes" View="Notes">
        <ShowProjectBookmarks>No</ShowProjectBookmarks>
        <ShowSimilarTexts>No</ShowSimilarTexts>
        <Collapse>CustomMetaData</Collapse>
        <FootnoteNumbers Prompt="No">No</FootnoteNumbers>
    </Inspector>
    <Split>None</Split>
    <BinderAffects>Current</BinderAffects>
    <Labels>
        <Binder FullWidth="No">No</Binder>
        <Icons>No</Icons>
        <IndexCards>No</IndexCards>
        <OutlinerRows>No</OutlinerRows>
        <ScriveningsTitles>No</ScriveningsTitles>
    </Labels>
    <Corkboards>
        <LabelIndicators>Yes</LabelIndicators>
        <Stamps>No</Stamps>
        <Keywords>No</Keywords>
        <Numbers Restart="No">No</Numbers>
        <SnapToGrid>No</SnapToGrid>
        <BlankCardsAsGhosts>No</BlankCardsAsGhosts>
    </Corkboards>
    <Text>
        <ShowFormatBar>Yes</ShowFormatBar>
        <UseVerticalLayout>No</UseVerticalLayout>
        <ShowScriveningsTitles>No</ShowScriveningsTitles>
        <ShowInvisibles>No</ShowInvisibles>
        <RevisionMode>0</RevisionMode>
        <TextChecking>
            <Spelling>Yes</Spelling>
            <Grammar>No</Grammar>
            <SmartQuotes>Yes</SmartQuotes>
            <SmartDashes>Yes</SmartDashes>
        </TextChecking>
    </Text>
    <FullScreen>
        <ShowRuler>No</ShowRuler>
        <PageLayout Facing="No">No</PageLayout>
        <TypewriterScrolling>Yes</TypewriterScrolling>
    </FullScreen>
    <Editors Primary="Editor2">
        <Editor1>
            <View>
                <ShowHeader>Yes</ShowHeader>
                <ShowFooter>Yes</ShowFooter>
                <GroupsViewMode>Corkboard</GroupsViewMode>
                <CurrentViewMode>Single</CurrentViewMode>
                <SelectionAffects>None</SelectionAffects>
                <NavigationHistory CurrentIndex="-1"/>
            </View>
            <Text>
                <ShowRuler>No</ShowRuler>
                <PageLayout Facing="No">No</PageLayout>
                <TypewriterScrolling>No</TypewriterScrolling>
                <LineNumbers Interval="1">No</LineNumbers>
                <Selection>0,0</Selection>
            </Text>
            <Outliner>
                <Columns>
                    <ColID>title</ColID>
                    <ColID>label</ColID>
                    <ColID>status</ColID>
                    <ColID>createdDate</ColID>
                    <ColID>modifiedDate</ColID>
                    <ColID>words</ColID>
                    <ColID>characters</ColID>
                    <ColID>includeInExport</ColID>
                    <ColID>pageBreakBefore</ColID>
                    <ColID>compileAsIs</ColID>
                    <ColID>targetCount</ColID>
                    <ColID>targetCountType</ColID>
                    <ColID>progress</ColID>
                    <ColID>totalWords</ColID>
                    <ColID>totalCharacters</ColID>
                    <ColID>allKeywords</ColID>
                    <ColID>totalTargetCount</ColID>
                    <ColID>totalProgress</ColID>
                </Columns>
                <ExpandedItems>
                    <ItemID>F0033B7B-CD04-4268-B311-2A62F637BF40</ItemID>
                </ExpandedItems>
                <TitlesOnly>No</TitlesOnly>
                <HideIcons>No</HideIcons>
                <ShowNumbers>No</ShowNumbers>
                <KeywordsAsChips>Yes</KeywordsAsChips>
                <FixedRowHeights>No</FixedRowHeights>
            </Outliner>
            <Corkboard>
                <CardsAcross>-1</CardsAcross>
                <KeywordChips>5</KeywordChips>
                <SizeCardsToFit>Yes</SizeCardsToFit>
                <CardHeightRatio>0.6666</CardHeightRatio>
                <SectionsArrangement>Wrap</SectionsArrangement>
                <LabelThreadsUseColumns>No</LabelThreadsUseColumns>
            </Corkboard>
            <Copyholder PreferredOrientation="Vertical" VerticalPos="Right" HorizontalPos="Bottom">
                <Text>
                    <ShowRuler>No</ShowRuler>
                    <PageLayout Facing="No">No</PageLayout>
                    <TypewriterScrolling>No</TypewriterScrolling>
                    <LineNumbers Interval="1">No</LineNumbers>
                </Text>
            </Copyholder>
        </Editor1>
        <Editor2>
            <View>
                <ShowHeader>Yes</ShowHeader>
                <ShowFooter>Yes</ShowFooter>
                <GroupsViewMode>Corkboard</GroupsViewMode>
                <CurrentViewMode>Single</CurrentViewMode>
                <SelectionAffects>None</SelectionAffects>
                <Content>
                    <ItemID>8B71BA17-1B30-4AF0-BFC5-EEF387EDFDF7</ItemID>
                </Content>
                <NavigationHistory CurrentIndex="99">
                    <HistoryItem Type="BinderItems" ViewMode="Single">5A51EB35-C9E8-4013-8D3F-B5D9ECDCCEB3</HistoryItem>
                    <HistoryItem Type="BinderItems" ViewMode="Single">7536C76C-1377-4465-B5E9-9F3BA59F1B22</HistoryItem>
                    <HistoryItem Type="BinderItems" ViewMode="Corkboard">47F0438F-C82F-43EF-B227-F5FBD11372DF</HistoryItem>
                    <HistoryItem Type="BinderItems" ViewMode="Corkboard">B3FA6017-E373-4F5C-9ACC-053526F42047</HistoryItem>
                    <HistoryItem Type="BinderItems" ViewMode="Corkboard">972FB98D-A123-4914-91D1-660BCD98E1A8</HistoryItem>
                    <HistoryItem Type="BinderItems" ViewMode="Corkboard">B3FA6017-E373-4F5C-9ACC-053526F42047</HistoryItem>
                    <HistoryItem Type="BinderItems" ViewMode="Corkboard">AE26AF08-BE1C-479A-B515-E705B1E99B57</HistoryItem>
                    <HistoryItem Type="BinderItems" ViewMode="Corkboard">B3FA6017-E373-4F5C-9ACC-053526F42047</HistoryItem>
                    <HistoryItem Type="BinderItems" ViewMode="Single">34A433DC-B18B-4A67-B51D-B577C5A9537C</HistoryItem>
                    <HistoryItem Type="BinderItems" ViewMode="Corkboard">465C2F0C-EA12-4772-8EDE-ABDEB39D0BF1</HistoryItem>
                    <HistoryItem Type="BinderItems" ViewMode="Corkboard">FD4119EA-F0D8-4EE5-8C56-2532BF1D2170</HistoryItem>
                    <HistoryItem Type="BinderItems" ViewMode="Corkboard">B3FA6017-E373-4F5C-9ACC-053526F42047</HistoryItem>
                    <HistoryItem Type="BinderItems" ViewMode="Corkboard">AE26AF08-BE1C-479A-B515-E705B1E99B57</HistoryItem>
                    <HistoryItem Type="BinderItems" ViewMode="Corkboard">B3FA6017-E373-4F5C-9ACC-053526F42047</HistoryItem>
                    <HistoryItem Type="BinderItems" ViewMode="Single">7536C76C-1377-4465-B5E9-9F3BA59F1B22</HistoryItem>
                    <HistoryItem Type="BinderItems" ViewMode="Single">3B4BB306-1200-4322-B883-8EA35BFE8F62</HistoryItem>
                    <HistoryItem Type="BinderItems" ViewMode="Single">7536C76C-1377-4465-B5E9-9F3BA59F1B22</HistoryItem>
                    <HistoryItem Type="BinderItems" ViewMode="Corkboard">B3FA6017-E373-4F5C-9ACC-053526F42047</HistoryItem>
                    <HistoryItem Type="BinderItems" ViewMode="Single">3B4BB306-1200-4322-B883-8EA35BFE8F62</HistoryItem>
                    <HistoryItem Type="BinderItems" ViewMode="Single">6C291A68-03CD-4E78-B3FB-1594B9A9C25D</HistoryItem>
                    <HistoryItem Type="BinderItems" ViewMode="Single">3B4BB306-1200-4322-B883-8EA35BFE8F62</HistoryItem>
                    <HistoryItem Type="BinderItems" ViewMode="Corkboard">B3FA6017-E373-4F5C-9ACC-053526F42047</HistoryItem>
                    <HistoryItem Type="BinderItems" ViewMode="Single">C5D36291-176F-4CFC-8AF1-AD5C22BB52DB</HistoryItem>
                    <HistoryItem Type="BinderItems" ViewMode="Corkboard">B3FA6017-E373-4F5C-9ACC-053526F42047</HistoryItem>
                    <HistoryItem Type="BinderItems" ViewMode="Corkboard">AE26AF08-BE1C-479A-B515-E705B1E99B57</HistoryItem>
                    <HistoryItem Type="BinderItems" ViewMode="Corkboard">972FB98D-A123-4914-91D1-660BCD98E1A8</HistoryItem>
                    <HistoryItem Type="BinderItems" ViewMode="Single">6C291A68-03CD-4E78-B3FB-1594B9A9C25D</HistoryItem>
                    <HistoryItem Type="BinderItems" ViewMode="Corkboard">1923F199-33C1-4046-92A3-93B36C4DA0D3</HistoryItem>
                    <HistoryItem Type="BinderItems" ViewMode="Corkboard">B3FA6017-E373-4F5C-9ACC-053526F42047</HistoryItem>
                    <HistoryItem Type="BinderItems" ViewMode="Single">D44806D1-31DA-4015-BD93-B40691A42C31</HistoryItem>
                    <HistoryItem Type="BinderItems" ViewMode="Corkboard">B3FA6017-E373-4F5C-9ACC-053526F42047</HistoryItem>
                    <HistoryItem Type="BinderItems" ViewMode="Single">9F35094C-3DEE-4AE4-AE09-9F2423AF8AF5</HistoryItem>
                    <HistoryItem Type="BinderItems" ViewMode="Corkboard">B3FA6017-E373-4F5C-9ACC-053526F42047</HistoryItem>
                    <HistoryItem Type="BinderItems" ViewMode="Single">1A7F4E6A-A8B9-4204-A43B-B255509F0412</HistoryItem>
                    <HistoryItem Type="BinderItems" ViewMode="Corkboard">B3FA6017-E373-4F5C-9ACC-053526F42047</HistoryItem>
                    <HistoryItem Type="BinderItems" ViewMode="Single">D8AF6B7E-4E50-4903-873B-C8B9A44E31DE</HistoryItem>
                    <HistoryItem Type="BinderItems" ViewMode="Corkboard">B3FA6017-E373-4F5C-9ACC-053526F42047</HistoryItem>
                    <HistoryItem Type="BinderItems" ViewMode="Single">8E5DFDAA-CA91-4066-8BB4-596035540F70</HistoryItem>
                    <HistoryItem Type="BinderItems" ViewMode="Corkboard">AE26AF08-BE1C-479A-B515-E705B1E99B57</HistoryItem>
                    <HistoryItem Type="BinderItems" ViewMode="Single">5CDC1F05-E7D2-4E32-B180-BC876CBE807E</HistoryItem>
                    <HistoryItem Type="BinderItems" ViewMode="Corkboard">AE26AF08-BE1C-479A-B515-E705B1E99B57</HistoryItem>
                    <HistoryItem Type="BinderItems" ViewMode="Single">01147BEC-6A18-4703-8EFD-44B5E8041121</HistoryItem>
                    <HistoryItem Type="BinderItems" ViewMode="Corkboard">AE26AF08-BE1C-479A-B515-E705B1E99B57</HistoryItem>
                    <HistoryItem Type="BinderItems" ViewMode="Single">6422D927-2F4C-4670-8AFC-7D7D17F29345</HistoryItem>
                    <HistoryItem Type="BinderItems" ViewMode="Corkboard">AE26AF08-BE1C-479A-B515-E705B1E99B57</HistoryItem>
                    <HistoryItem Type="BinderItems" ViewMode="Single">E4567038-5EF7-4E19-A1C6-9E3E57803EFE</HistoryItem>
                    <HistoryItem Type="BinderItems" ViewMode="Corkboard">AE26AF08-BE1C-479A-B515-E705B1E99B57</HistoryItem>
                    <HistoryItem Type="BinderItems" ViewMode="Single">94D5C478-D000-4C9C-8452-A28406C32AD4</HistoryItem>
                    <HistoryItem Type="BinderItems" ViewMode="Corkboard">972FB98D-A123-4914-91D1-660BCD98E1A8</HistoryItem>
                    <HistoryItem Type="BinderItems" ViewMode="Single">2A2AA65D-B973-408E-9EF4-DFA0D6520BC5</HistoryItem>
                    <HistoryItem Type="BinderItems" ViewMode="Corkboard">972FB98D-A123-4914-91D1-660BCD98E1A8</HistoryItem>
                    <HistoryItem Type="BinderItems" ViewMode="Single">A0218A03-9898-4240-869A-D538F206CF0B</HistoryItem>
                    <HistoryItem Type="BinderItems" ViewMode="Single">2A2AA65D-B973-408E-9EF4-DFA0D6520BC5</HistoryItem>
                    <HistoryItem Type="BinderItems" ViewMode="Corkboard">AE26AF08-BE1C-479A-B515-E705B1E99B57</HistoryItem>
                    <HistoryItem Type="BinderItems" ViewMode="Single">5CDC1F05-E7D2-4E32-B180-BC876CBE807E</HistoryItem>
                    <HistoryItem Type="BinderItems" ViewMode="Single">01147BEC-6A18-4703-8EFD-44B5E8041121</HistoryItem>
                    <HistoryItem Type="BinderItems" ViewMode="Single">6422D927-2F4C-4670-8AFC-7D7D17F29345</HistoryItem>
                    <HistoryItem Type="BinderItems" ViewMode="Single">E4567038-5EF7-4E19-A1C6-9E3E57803EFE</HistoryItem>
                    <HistoryItem Type="BinderItems" ViewMode="Single">94D5C478-D000-4C9C-8452-A28406C32AD4</HistoryItem>
                    <HistoryItem Type="BinderItems" ViewMode="Single">01147BEC-6A18-4703-8EFD-44B5E8041121</HistoryItem>
                    <HistoryItem Type="BinderItems" ViewMode="Single">8E5DFDAA-CA91-4066-8BB4-596035540F70</HistoryItem>
                    <HistoryItem Type="BinderItems" ViewMode="Single">D8AF6B7E-4E50-4903-873B-C8B9A44E31DE</HistoryItem>
                    <HistoryItem Type="BinderItems" ViewMode="Single">1A7F4E6A-A8B9-4204-A43B-B255509F0412</HistoryItem>
                    <HistoryItem Type="BinderItems" ViewMode="Single">D8AF6B7E-4E50-4903-873B-C8B9A44E31DE</HistoryItem>
                    <HistoryItem Type="BinderItems" ViewMode="Single">1A7F4E6A-A8B9-4204-A43B-B255509F0412</HistoryItem>
                    <HistoryItem Type="BinderItems" ViewMode="Single">9F35094C-3DEE-4AE4-AE09-9F2423AF8AF5</HistoryItem>
                    <HistoryItem Type="BinderItems" ViewMode="Single">D8AF6B7E-4E50-4903-873B-C8B9A44E31DE</HistoryItem>
                    <HistoryItem Type="BinderItems" ViewMode="Single">D44806D1-31DA-4015-BD93-B40691A42C31</HistoryItem>
                    <HistoryItem Type="BinderItems" ViewMode="Single">1A7F4E6A-A8B9-4204-A43B-B255509F0412</HistoryItem>
                    <HistoryItem Type="BinderItems" ViewMode="Single">D44806D1-31DA-4015-BD93-B40691A42C31</HistoryItem>
                    <HistoryItem Type="BinderItems" ViewMode="Single">9F35094C-3DEE-4AE4-AE09-9F2423AF8AF5</HistoryItem>
                    <HistoryItem Type="BinderItems" ViewMode="Single">1A7F4E6A-A8B9-4204-A43B-B255509F0412</HistoryItem>
                    <HistoryItem Type="BinderItems" ViewMode="Single">9F35094C-3DEE-4AE4-AE09-9F2423AF8AF5</HistoryItem>
                    <HistoryItem Type="BinderItems" ViewMode="Single">1A7F4E6A-A8B9-4204-A43B-B255509F0412</HistoryItem>
                    <HistoryItem Type="BinderItems" ViewMode="Single">D8AF6B7E-4E50-4903-873B-C8B9A44E31DE</HistoryItem>
                    <HistoryItem Type="BinderItems" ViewMode="Single">8E5DFDAA-CA91-4066-8BB4-596035540F70</HistoryItem>
                    <HistoryItem Type="BinderItems" ViewMode="Corkboard">972FB98D-A123-4914-91D1-660BCD98E1A8</HistoryItem>
                    <HistoryItem Type="BinderItems" ViewMode="Single">7536C76C-1377-4465-B5E9-9F3BA59F1B22</HistoryItem>
                    <HistoryItem Type="BinderItems" ViewMode="Corkboard">F89AA071-CE79-48D6-B793-1AA8EBCEF53A</HistoryItem>
                    <HistoryItem Type="BinderItems" ViewMode="Single">496F2AF5-DAFF-4BB3-81EF-1604EBDA06D6</HistoryItem>
                    <HistoryItem Type="BinderItems" ViewMode="Corkboard">F89AA071-CE79-48D6-B793-1AA8EBCEF53A</HistoryItem>
                    <HistoryItem Type="BinderItems" ViewMode="Corkboard">BBB814C4-DA64-435A-A78C-0D78F4E4E04F</HistoryItem>
                    <HistoryItem Type="BinderItems" ViewMode="Corkboard">465C2F0C-EA12-4772-8EDE-ABDEB39D0BF1</HistoryItem>
                    <HistoryItem Type="BinderItems" ViewMode="Single">7536C76C-1377-4465-B5E9-9F3BA59F1B22</HistoryItem>
                    <HistoryItem Type="BinderItems" ViewMode="Corkboard">6C291A68-03CD-4E78-B3FB-1594B9A9C25D,A0218A03-9898-4240-869A-D538F206CF0B</HistoryItem>
                    <HistoryItem Type="BinderItems" ViewMode="Single">26208C2C-3DB5-4196-9CC3-59B9C1677B20</HistoryItem>
                    <HistoryItem Type="BinderItems" ViewMode="Corkboard">465C2F0C-EA12-4772-8EDE-ABDEB39D0BF1</HistoryItem>
                    <HistoryItem Type="BinderItems" ViewMode="Corkboard">6866D20A-6D38-4922-ACDB-9DC28AFDA4E9</HistoryItem>
                    <HistoryItem Type="BinderItems" ViewMode="Corkboard">AE26AF08-BE1C-479A-B515-E705B1E99B57</HistoryItem>
                    <HistoryItem Type="BinderItems" ViewMode="Corkboard">6866D20A-6D38-4922-ACDB-9DC28AFDA4E9</HistoryItem>
                    <HistoryItem Type="BinderItems" ViewMode="Single">26208C2C-3DB5-4196-9CC3-59B9C1677B20</HistoryItem>
                    <HistoryItem Type="BinderItems" ViewMode="Single">2A2AA65D-B973-408E-9EF4-DFA0D6520BC5</HistoryItem>
                    <HistoryItem Type="BinderItems" ViewMode="Single">26208C2C-3DB5-4196-9CC3-59B9C1677B20</HistoryItem>
                    <HistoryItem Type="BinderItems" ViewMode="Corkboard">6866D20A-6D38-4922-ACDB-9DC28AFDA4E9</HistoryItem>
                    <HistoryItem Type="BinderItems" ViewMode="Corkboard">465C2F0C-EA12-4772-8EDE-ABDEB39D0BF1</HistoryItem>
                    <HistoryItem Type="BinderItems" ViewMode="Single">8B71BA17-1B30-4AF0-BFC5-EEF387EDFDF7</HistoryItem>
                    <HistoryItem Type="BinderItems" ViewMode="Corkboard">F0033B7B-CD04-4268-B311-2A62F637BF40</HistoryItem>
                    <HistoryItem Type="BinderItems" ViewMode="Single">8B71BA17-1B30-4AF0-BFC5-EEF387EDFDF7</HistoryItem>
                    <HistoryItem Type="BinderItems" ViewMode="Corkboard">6866D20A-6D38-4922-ACDB-9DC28AFDA4E9</HistoryItem>
                    <HistoryItem Type="BinderItems" ViewMode="Single">8B71BA17-1B30-4AF0-BFC5-EEF387EDFDF7</HistoryItem>
                </NavigationHistory>
            </View>
            <Text>
                <ShowRuler>No</ShowRuler>
                <PageLayout Facing="No">No</PageLayout>
                <TypewriterScrolling>No</TypewriterScrolling>
                <LineNumbers Interval="1">No</LineNumbers>
                <Selection>0,0</Selection>
            </Text>
            <Outliner>
                <Columns>
                    <ColID>title</ColID>
                    <ColID>label</ColID>
                    <ColID>status</ColID>
                    <ColID>sectionType</ColID>
                </Columns>
                <TitlesOnly>No</TitlesOnly>
                <HideIcons>No</HideIcons>
                <ShowNumbers>No</ShowNumbers>
                <KeywordsAsChips>Yes</KeywordsAsChips>
                <FixedRowHeights>No</FixedRowHeights>
            </Outliner>
            <Corkboard>
                <CardsAcross>-1</CardsAcross>
                <KeywordChips>5</KeywordChips>
                <SizeCardsToFit>Yes</SizeCardsToFit>
                <CardHeightRatio>0.6666</CardHeightRatio>
                <SectionsArrangement>Wrap</SectionsArrangement>
                <LabelThreadsUseColumns>No</LabelThreadsUseColumns>
            </Corkboard>
            <Copyholder PreferredOrientation="Vertical" VerticalPos="Right" HorizontalPos="Bottom">
                <Text>
                    <ShowRuler>No</ShowRuler>
                    <PageLayout Facing="No">No</PageLayout>
                    <TypewriterScrolling>No</TypewriterScrolling>
                    <LineNumbers Interval="1">No</LineNumbers>
                </Text>
            </Copyholder>
        </Editor2>
    </Editors>
</UIStates>